,vtePlayStation,vtePlayStation.1
0,Sony Interactive Entertainment PlayStation Studios,Sony Interactive Entertainment PlayStation Studios
1,Consoles,Home consoles PlayStation Models Main hardware PlayStation 2 Models Main hardware PlayStation 3 Models Main hardware System software PlayStation 4 Main hardware System software PlayStation 5 Handhelds PocketStation PlayStation Portable System software PlayStation Vita System software Miscellaneous PSX PlayStation TV PlayStation Classic
2,Home consoles,PlayStation Models Main hardware PlayStation 2 Models Main hardware PlayStation 3 Models Main hardware System software PlayStation 4 Main hardware System software PlayStation 5
3,Handhelds,PocketStation PlayStation Portable System software PlayStation Vita System software
4,Miscellaneous,PSX PlayStation TV PlayStation Classic
5,Games,PlayStation A–L M–Z Net Yaroze Best-selling PS one Classics JP NA PAL PocketStation A-Z PS2 A–K L–Z Best-selling Online games PS2 Classics for PS3 PS2 games for PS4 PS3 A–C D–I J–P Q–Z Best-selling PS4 A–L M–Z Best-selling Free-to-play PS VR games PS5 A–Z Best-selling PSP Physical and digital System software compatibilities PS minis PS Vita A–D E–H I–L M–O P–R S T–V W–Z Other PS Mobile TurboGrafx-16 Classics NEOGEO Station Classics HD Reprints Greatest Hits Essentials The Best BigHit Series
6,PlayStation,A–L M–Z Net Yaroze Best-selling PS one Classics JP NA PAL
7,PocketStation,A-Z
8,PS2,A–K L–Z Best-selling Online games PS2 Classics for PS3 PS2 games for PS4
9,PS3,A–C D–I J–P Q–Z Best-selling
10,PS4,A–L M–Z Best-selling Free-to-play PS VR games
11,PS5,A–Z Best-selling
12,PSP,Physical and digital System software compatibilities PS minis
13,PS Vita,A–D E–H I–L M–O P–R S T–V W–Z
14,Other,PS Mobile TurboGrafx-16 Classics NEOGEO Station Classics HD
15,Reprints,Greatest Hits Essentials The Best BigHit Series
16,Network,PlayStation Network 2011 outage Central Station FirstPlay PlayStation App PlayStation Home PlayStation Mobile PlayStation Now PlayStation Store PlayStation Video PlayStation Vue PS2 online PlayStation Broadband Navigator Room for PSP VidZone
17,Accessories,Controllers PlayStation controller PlayStation Mouse Analog Joystick Dual Analog DualShock Sixaxis PlayStation Move Cameras EyeToy Go!Cam PlayStation Eye PlayStation Camera Miscellaneous Multitap Link Cable PS2 accessories PlayStation 2 Expansion Bay PS3 accessories PlayTV Wonderbook PlayStation VR 2
18,Controllers,PlayStation controller PlayStation Mouse Analog Joystick Dual Analog DualShock Sixaxis PlayStation Move
19,Cameras,EyeToy Go!Cam PlayStation Eye PlayStation Camera
20,Miscellaneous,Multitap Link Cable PS2 accessories PlayStation 2 Expansion Bay PS3 accessories PlayTV Wonderbook PlayStation VR 2
21,Kits,Net Yaroze PS2 Linux GScube OtherOS Zego
22,Media,Magazines Official U.S. PlayStation Magazine PlayStation: The Official Magazine PlayStation Official Magazine – UK PlayStation Official Magazine – Australia PlayStation Underground Advertisements Double Life Mountain PlayStation marketing Characters Toro Polygon Man Kevin Butler Marcus Rivers
23,Magazines,Official U.S. PlayStation Magazine PlayStation: The Official Magazine PlayStation Official Magazine – UK PlayStation Official Magazine – Australia PlayStation Underground
24,Advertisements,Double Life Mountain PlayStation marketing
25,Characters,Toro Polygon Man Kevin Butler Marcus Rivers
26,Arcade boards,Namco System 11 System 12 System 10 System 246 System 357 Konami System 573
27,Related,Jampack Super NES CD-ROM Sony Ericsson Xperia Play
28,Category,Category
